Id,LicenceNum,Specialty,WorkingTimeStart,WorkingTimeEnd,RoomId,Name,Surname,Birthdate,Gender,AddressId,Jmbg,Email,PhoneNumber
5c036fba-1118-4f4b-b153-90d75e60625e,Timofei,Osorio,8:47,20:30,9ae3255d-261f-472f-a961-7f2e7d05d95c,Heinrick,Swigg,1973-09-28 15:51:51,1,9b75b261-e305-4f6f-9990-97cb2d06d774,804-38-5995,hswigg0@accuweather.com,726-634-4678
7875c605-4989-465c-8cbc-2f93f2b1612e,Michaela,Garred,7:14,19:55,8dd731ee-197f-40a8-a5e1-845662b0c0cd,Haleigh,Dysert,1976-08-30 22:56:33,1,6895c936-d304-4c80-be25-98bf58146b5a,298-39-3456,hdysert1@blinklist.com,351-318-9872
d0e5743d-8718-432c-bc2c-53a5ea9bb3df,Gaelan,Wyatt,8:11,18:33,d4857133-ef89-4e5e-865f-b49c83ecec23,Demeter,Stratton,1992-04-01 14:23:23,1,48c55ee1-d8e5-46ba-94df-797c78d52c36,655-41-0464,dstratton2@addtoany.com,442-178-7787
89de77ad-9ab2-4ffc-9f92-918adb89afa1,Tadd,Paliser,8:45,18:33,424c4309-1154-4d52-9282-342601cef85c,Tootsie,Schrir,1975-01-04 18:41:48,0,9b73d896-e323-41e6-ad56-c31363d601cc,649-69-6726,tschrir3@upenn.edu,439-487-3971
cdf0dc05-7b24-49e3-a8a8-12f8fb20a194,Jen,Leadston,11:31,19:13,6b046e88-546c-4071-9431-24511e1e2d28,Ashley,Twiddell,1999-01-18 08:36:41,0,a2da1a49-3d40-4ff3-a888-c16ae2efe823,669-09-5135,atwiddell4@alibaba.com,358-639-0202
57144fb5-20d6-4662-ae96-378aabfe93d3,Joya,Ferminger,9:15,17:27,a2c565f7-d61e-4302-a417-1ed48919bb8f,Ilyssa,Lemon,1999-10-04 11:09:26,1,74c3ce7d-47e1-4b13-9504-426f8ed186f3,829-45-2629,ilemon5@ihg.com,233-160-6561
631732d1-2be0-481f-b104-604efb32014d,Theo,Margarson,7:09,18:33,3bf58a45-d903-4148-8b7b-3fb0018bda83,Reeva,MacGarrity,1988-10-25 12:02:15,1,a2da1a49-3d40-4ff3-a888-c16ae2efe823,684-87-6945,rmacgarrity6@drupal.org,305-612-6943
85bfee13-907e-410b-ad3a-9d4e0b7b87b7,Sigrid,Ibeson,8:52,17:05,cb4f5baf-0383-463c-b914-d4dc384012f3,Biddie,Brockton,1988-03-30 21:18:41,0,660ce5e1-6c54-4101-9ae1-7e04c8c36a98,456-97-9794,bbrockton7@buzzfeed.com,782-119-1823
487d0767-1f8b-4a09-a593-4f076bdb9881,Hy,Alliker,9:29,19:18,d2c2c548-5590-436b-9463-3ba7b82ed690,Livvie,Ganniclifft,1995-01-31 04:43:56,0,7ecb4c0f-af79-419c-a8d4-736999a47288,341-66-3917,lganniclifft8@europa.eu,803-712-3001
c9f8ccb1-1b40-4d73-8a44-22d16144abdf,Seka,Yitzhok,8:50,20:26,fefd8331-bbbc-47ba-928d-abb0dedf3701,Wakefield,Dybald,1978-03-24 07:29:10,0,74c3ce7d-47e1-4b13-9504-426f8ed186f3,622-23-8262,wdybald9@tamu.edu,441-654-6351
e96434fd-954c-45d9-8e1a-e3e151768c29,Madelyn,Spiteri,10:12,17:31,67b1877a-c89d-4bb3-ba17-5d44a6faab83,Miranda,Secker,1977-04-17 19:10:25,1,a5b6dc07-222c-4073-ab98-3d9cf939e162,336-72-2682,mseckera@posterous.com,303-594-2555
02975cd9-be40-4f26-9d9a-d86a32e39d99,Klaus,Springtorp,8:03,20:32,7f0b673f-4d4f-4b52-a66e-be888c3627f3,Eartha,Petyakov,1980-12-14 14:36:35,1,506f4b6f-75ce-4119-bba3-2d95a241d1bd,797-18-5734,epetyakovb@yellowpages.com,382-824-9664
d5113ad6-b893-47cd-ae99-2d6236fd8f93,Massimo,Attwood,9:05,17:43,133962ea-c543-497b-81a6-6a2efb54212a,Tyrone,Redwing,1979-01-02 19:59:38,1,25de93cd-9aa4-4a2f-84f4-fa990ba71abf,178-09-4513,tredwingc@indiegogo.com,300-547-5456
3635682e-deeb-464e-885a-edd9c394bc9d,Chas,Storror,7:40,17:48,2b9b4701-831d-4510-aa44-d4a940acff73,Simonette,Yole,1992-11-20 19:24:25,1,1431c6d9-7007-40ac-bd33-1ad4ece4f7a2,218-65-4392,syoled@symantec.com,395-487-7885
6444dff2-fcd7-44b0-90cb-19326b7ad49d,Spike,Jaulme,9:20,18:38,f563b764-f837-4b70-ab6b-5c7be7f706b8,Fayth,Shuttle,1991-02-18 18:11:18,0,f8382ee5-c8f4-4267-92d2-41dc850e2492,124-57-4384,fshuttlee@github.com,139-363-9599
023af84e-196e-4989-83b6-168ea2471a9f,Nanete,Mabee,7:05,17:03,e8c0f4e2-fa51-4691-a7ba-dbabb36e69b0,Petunia,Hruska,1986-12-10 10:44:30,0,85d3d6f4-24b4-4ef2-8189-a424c8c16e88,869-59-0637,phruskaf@yellowbook.com,788-517-0494
bf172d00-ea82-4363-b17a-e54b6a804fbf,Norene,Farnaby,7:05,17:04,b64ea4ac-e015-4a31-8cb1-dd514b889fad,Evangelia,Shulem,1998-04-10 10:38:02,1,18b397f4-76ec-4dec-b292-dd43f429a166,539-96-1541,eshulemg@freewebs.com,234-871-1344
a1d24519-bf44-44ec-91d3-e8bb159d0529,Carissa,Biggerstaff,8:38,18:13,620472d5-85b1-4f2d-aafc-3c9d9a59904f,Kitty,Thaller,1974-04-18 18:26:40,1,9b75b261-e305-4f6f-9990-97cb2d06d774,450-23-1677,kthallerh@nbcnews.com,984-358-9846
3973e5b9-f984-4884-b590-10dd80df9e51,Lishe,Osan,11:23,19:17,17612be9-8a0e-4fca-b937-134e053a916e,Lisle,Lissett,1994-12-08 12:54:06,0,1b9e69e2-283a-4e1b-999e-4f9997bbcfe5,890-51-9745,llissetti@csmonitor.com,350-609-1732
5ffed53e-8c78-432f-a603-8bce2f86c5e2,Stearne,Simone,8:04,20:22,0a675efc-9118-47e7-8701-392b2fce8f24,Vonni,Oris,1970-12-03 08:14:18,0,b102478f-fbd5-4d62-8889-8b0086d1f241,780-80-1243,vorisj@twitpic.com,862-694-4594
